RA,DEC
156.5984125,25.71656944
217.59892,42.0768
241.53549,31.4129
201.30206,11.3916
227.51235,57.04545
258.83854,21.75881
239.8790875,3.080025
190.54085,37.33494722
218.89075,54.59979722
128.3437917,9.994808333
165.4495167,0.1775944444
129.9806292,2.862672222
225.8704125,4.330288889
118.2638792,42.52517222
243.22257,27.97849
221.3186792,9.976747222